<?xml version="1.0" encoding="utf-8"?>
<doctrine-mapping xmlns="http://doctrine-project.org/schemas/orm/doctrine-mapping" xmlns:xsi="http://www.w3.org/2001/XMLSchema-instance" xsi:schemaLocation="http://doctrine-project.org/schemas/orm/doctrine-mapping http://doctrine-project.org/schemas/orm/doctrine-mapping.xsd">
  <entity name="AppBundle\Entity\Productos" table="productos">
    <id name="id" type="integer" column="Id">
      <generator strategy="IDENTITY"/>
    </id>
    <field name="nombre" type="string" column="Nombre" length="30" nullable="false">
      <options>
        <option name="fixed"/>
      </options>
    </field>
    <field name="tipo" type="string" column="Tipo" length="50" nullable="false">
      <options>
        <option name="fixed"/>
      </options>
    </field>
    <field name="precio" type="string" column="Precio" length="5" nullable="false">
      <options>
        <option name="fixed"/>
      </options>
    </field>
  </entity>
</doctrine-mapping>
